0,1,2,3,4,5,6,7,8,9,10,11
2026/02/21,00:10,0.0,-,64348,,0.0,,0.0,,35.0,
2026/02/21,00:20,0.0,-,64348,,0.0,,0.0,,35.0,
2026/02/21,00:30,0.0,-,64348,,0.0,,0.0,,35.0,
2026/02/21,00:40,0.0,-,64348,,0.0,,0.0,,35.0,
2026/02/21,00:50,0.0,-,64348,,0.0,,0.0,,35.0,
2026/02/21,01:00,0.0,-,64348,,0.0,,14.61,,35.0,
2026/02/21,01:10,0.0,-,64348,,0.0,,17.99,,35.0,
2026/02/21,01:20,0.0,-,64348,,0.0,,18.07,,35.0,
2026/02/21,01:30,0.0,-,64348,,0.0,,17.98,,35.0,
2026/02/21,01:40,0.0,-,64348,,0.0,,17.96,,35.0,
2026/02/21,01:50,0.0,-,64348,,0.0,,18.08,,35.0,
2026/02/21,02:00,0.0,-,64323,,1.96,,18.2,,35.0,
2026/02/21,02:10,0.0,-,64323,,1.96,,18.03,,35.0,
2026/02/21,02:20,0.0,-,64298,,2.6,,17.98,,35.0,
2026/02/21,02:30,0.0,-,64298,,2.6,,17.9,,35.0,
2026/02/21,02:40,0.0,-,64298,,2.6,,17.85,,35.0,
2026/02/21,02:50,0.0,-,64273,,1.37,,18.09,,35.0,
2026/02/21,03:00,0.0,-,64273,,1.37,,17.92,,35.0,
2026/02/21,03:10,0.0,-,64248,,0.0,,17.97,,35.0,
2026/02/21,03:20,0.0,-,64248,,0.0,,18.02,,35.0,
2026/02/21,03:30,0.0,-,64248,,0.0,,17.98,,35.0,
2026/02/21,03:40,0.0,-,64223,,1.34,,18.09,,35.0,
2026/02/21,03:50,0.0,-,64223,,1.34,,18.04,,35.0,
2026/02/21,04:00,0.0,-,64198,,0.0,,18.04,,35.0,
2026/02/21,04:10,0.0,-,64198,,0.0,,17.99,,35.0,
2026/02/21,04:20,0.0,-,64198,,0.0,,17.92,,35.0,
2026/02/21,04:30,0.0,-,64174,,4.15,,17.88,,35.0,
2026/02/21,04:40,0.0,-,64149,,0.0,,18.0,,35.0,
2026/02/21,04:50,0.0,-,64149,,0.0,,17.93,,35.0,
2026/02/21,05:00,0.0,-,64149,,0.0,,17.93,,35.0,
2026/02/21,05:10,0.0,-,64149,,0.0,,0.0,,35.0,
2026/02/21,05:20,0.0,-,64124,,0.0,,0.0,,35.0,
2026/02/21,05:30,0.0,-,64124,,0.0,,0.0,,35.0,
2026/02/21,05:40,0.0,-,64124,,0.0,,0.0,,35.0,
2026/02/21,05:50,0.0,-,64124,,0.0,,0.0,,35.0,
2026/02/21,06:00,0.0,-,64124,,0.0,,0.0,,35.0,
2026/02/21,06:10,0.0,-,64124,,0.0,,0.0,,35.0,
2026/02/21,06:20,0.0,-,64124,,0.0,,0.0,,35.0,
2026/02/21,06:30,0.0,-,64124,,0.0,,0.0,,35.0,
2026/02/21,06:40,0.0,-,64124,,0.0,,0.0,,35.0,
2026/02/21,06:50,0.0,-,64124,,0.0,,0.0,,35.0,
2026/02/21,07:00,0.0,-,64124,,0.0,,0.0,,35.0,
2026/02/21,07:10,0.0,-,64124,,0.0,,0.0,,35.0,
2026/02/21,07:20,0.0,-,64124,,0.0,,0.0,,35.0,
2026/02/21,07:30,0.0,-,64124,,0.0,,0.0,,35.0,
2026/02/21,07:40,0.0,-,64124,,0.0,,0.0,,35.0,
2026/02/21,07:50,0.0,-,64124,,0.0,,0.0,,35.0,
2026/02/21,08:00,0.0,-,64124,,0.0,,0.0,,35.0,
2026/02/21,08:10,0.0,-,64124,,0.0,,0.0,,35.0,
2026/02/21,08:20,0.0,-,64124,,0.0,,0.0,,35.0,
2026/02/21,08:30,0.0,-,64124,,0.0,,0.0,,35.0,
2026/02/21,08:40,0.0,-,64124,,0.0,,0.0,,35.0,
2026/02/21,08:50,0.0,-,64124,,0.0,,0.0,,35.0,
2026/02/21,09:00,0.0,-,64124,,0.0,,16.1,,35.0,
2026/02/21,09:10,0.0,-,64124,,0.0,,18.9,,35.0,
2026/02/21,09:20,0.0,-,64124,,0.0,,18.92,,35.0,
2026/02/21,09:30,0.0,-,64099,,0.82,,19.02,,35.0,
2026/02/21,09:40,0.0,-,64099,,0.82,,19.11,,35.0,
2026/02/21,09:50,0.0,-,64099,,0.82,,19.02,,35.0,
2026/02/21,10:00,0.0,-,64074,,2.37,,19.04,,35.0,
2026/02/21,10:10,0.0,-,64074,,2.37,,17.92,,35.0,
2026/02/21,10:20,0.0,-,64074,,2.37,,18.03,,35.0,
2026/02/21,10:30,0.0,-,64049,,3.35,,17.91,,35.0,
2026/02/21,10:40,0.0,-,64049,,3.35,,17.99,,35.0,
2026/02/21,10:50,0.0,-,64024,,0.0,,18.1,,35.0,
2026/02/21,11:00,0.0,-,64024,,0.0,,17.99,,35.0,
2026/02/21,11:10,0.0,-,63999,,0.0,,17.98,,35.0,
2026/02/21,11:20,0.0,-,63999,,0.0,,18.06,,35.0,
2026/02/21,11:30,0.0,-,63999,,0.0,,17.81,,35.0,
2026/02/21,11:40,0.0,-,63974,,2.02,,18.04,,35.0,
2026/02/21,11:50,0.0,-,63974,,2.02,,18.08,,35.0,
2026/02/21,12:00,0.0,-,63974,,2.02,,17.94,,35.0,
2026/02/21,12:10,0.0,-,63949,,2.65,,17.95,,35.0,
2026/02/21,12:20,0.0,-,63949,,2.65,,17.96,,35.0,
2026/02/21,12:30,0.0,-,63924,,0.0,,17.98,,35.0,
2026/02/21,12:40,0.0,-,63924,,0.0,,18.02,,35.0,
2026/02/21,12:50,0.0,-,63899,,0.67,,18.07,,35.0,
2026/02/21,13:00,0.0,-,63899,,0.67,,17.95,,35.0,
2026/02/21,13:10,0.0,-,63899,,0.67,,0.0,,35.0,
2026/02/21,13:20,0.0,-,63899,,0.67,,0.0,,35.0,
2026/02/21,13:30,0.0,-,63899,,0.67,,0.0,,35.0,
2026/02/21,13:40,0.0,-,63899,,0.67,,0.0,,35.0,
2026/02/21,13:50,0.0,-,63899,,0.67,,0.0,,35.0,
2026/02/21,14:00,0.0,-,63899,,0.67,,0.0,,35.0,
2026/02/21,14:10,0.0,-,63899,,0.67,,0.0,,35.0,
2026/02/21,14:20,0.0,-,63899,,0.67,,0.0,,35.0,
2026/02/21,14:30,0.0,-,63899,,0.67,,0.0,,35.0,
2026/02/21,14:40,0.0,-,63899,,0.67,,0.0,,35.0,
2026/02/21,14:50,0.0,-,63899,,0.67,,0.0,,35.0,
2026/02/21,15:00,0.0,-,63899,,0.67,,0.0,,35.0,
2026/02/21,15:10,0.0,-,63899,,0.67,,0.0,,35.0,
2026/02/21,15:20,0.0,-,63899,,0.67,,0.0,,35.0,
2026/02/21,15:30,0.0,-,63899,,0.67,,0.0,,35.0,
2026/02/21,15:40,0.0,-,63899,,0.67,,0.0,,35.0,
2026/02/21,15:50,0.0,-,63899,,0.67,,0.0,,35.0,
2026/02/21,16:00,0.0,-,63899,,0.67,,0.0,,35.0,
2026/02/21,16:10,0.0,-,63899,,0.67,,0.0,,35.0,
2026/02/21,16:20,0.0,-,63899,,0.67,,0.0,,35.0,
2026/02/21,16:30,0.0,-,63899,,0.67,,0.0,,35.0,
2026/02/21,16:40,0.0,-,63899,,0.67,,0.0,,35.0,
2026/02/21,16:50,0.0,-,63899,,0.67,,0.0,,35.0,
2026/02/21,17:00,0.0,-,63899,,0.67,,16.17,,35.0,
2026/02/21,17:10,0.0,-,63899,,0.67,,18.06,,35.0,
2026/02/21,17:20,0.0,-,63899,,0.67,,17.97,,35.0,
2026/02/21,17:30,0.0,-,63874,,1.33,,18.02,,35.0,
2026/02/21,17:40,0.0,-,63874,,1.33,,17.98,,35.0,
2026/02/21,17:50,0.0,-,63874,,1.33,,17.94,,35.0,
2026/02/21,18:00,0.0,-,63849,,2.02,,18.02,,35.0,
2026/02/21,18:10,0.0,-,63849,,2.02,,17.98,,35.0,
2026/02/21,18:20,0.0,-,63824,,2.0,,18.09,,35.0,
2026/02/21,18:30,0.0,-,63824,,2.0,,18.01,,35.0,
2026/02/21,18:40,0.0,-,63824,,2.0,,17.94,,35.0,
2026/02/21,18:50,0.0,-,63799,,2.02,,17.88,,35.0,
2026/02/21,19:00,0.0,-,63774,,0.0,,18.04,,35.0,
2026/02/21,19:10,0.0,-,63774,,0.0,,17.96,,35.0,
2026/02/21,19:20,0.0,-,63774,,0.0,,18.01,,35.0,
2026/02/21,19:30,0.0,-,63774,,0.0,,18.01,,35.0,
2026/02/21,19:40,0.0,-,63749,,6.45,,17.93,,35.0,
2026/02/21,19:50,0.0,-,63749,,6.45,,18.01,,35.0,
2026/02/21,20:00,0.0,-,63724,,1.97,,18.05,,35.0,
2026/02/21,20:10,0.0,-,63724,,1.97,,18.01,,35.0,
2026/02/21,20:20,0.0,-,63724,,1.97,,17.96,,35.0,
2026/02/21,20:30,0.0,-,63700,,2.01,,17.98,,35.0,
2026/02/21,20:40,0.0,-,63700,,2.01,,18.02,,35.0,
2026/02/21,20:50,0.0,-,63675,,0.66,,17.75,,35.0,
2026/02/21,21:00,0.0,-,63675,,0.66,,17.95,,35.0,
2026/02/21,21:10,0.0,-,63675,,0.66,,18.1,,35.0,
2026/02/21,21:20,0.0,-,63650,,1.35,,17.82,,35.0,
2026/02/21,21:30,0.0,-,63650,,1.35,,17.9,,35.0,
2026/02/21,21:40,0.0,-,63650,,1.35,,17.94,,35.0,
2026/02/21,21:50,0.0,-,63625,,1.97,,18.02,,35.0,
2026/02/21,22:00,0.0,-,63625,,1.97,,17.98,,35.0,
2026/02/21,22:10,0.0,-,63600,,0.0,,0.0,,35.0,
2026/02/21,22:20,0.0,-,63600,,0.0,,0.0,,35.0,
2026/02/21,22:30,0.0,-,63600,,0.0,,0.0,,35.0,
2026/02/21,22:40,0.0,-,63600,,0.0,,0.0,,35.0,
2026/02/21,22:50,0.0,-,63600,,0.0,,0.0,,35.0,
2026/02/21,23:00,0.0,-,63600,,0.0,,0.0,,35.0,
2026/02/21,23:10,0.0,-,63600,,0.0,,0.0,,35.0,
2026/02/21,23:20,0.0,-,63600,,0.0,,0.0,,35.0,
2026/02/21,23:30,0.0,-,63600,,0.0,,0.0,,35.0,
2026/02/21,23:40,0.0,-,63600,,0.0,,0.0,,35.0,
2026/02/21,23:50,0.0,-,63600,,0.0,,0.0,,35.0,
2026/02/21,24:00,0.0,-,63600,,0.0,,0.0,,35.0,
2026/02/22,00:10,0.0,-,63600,,0.0,,0.0,,35.0,
2026/02/22,00:20,0.0,-,63600,,0.0,,0.0,,35.0,
2026/02/22,00:30,0.0,-,63600,,0.0,,0.0,,35.0,
2026/02/22,00:40,0.0,-,63600,,0.0,,0.0,,35.0,
2026/02/22,00:50,0.0,-,63600,,0.0,,0.0,,35.0,
2026/02/22,01:00,0.0,-,63600,,0.0,,0.0,,35.0,
2026/02/22,01:10,0.0,-,63600,,0.0,,0.0,,35.0,
2026/02/22,01:20,0.0,-,63600,,0.0,,0.0,,35.0,
2026/02/22,01:30,0.0,-,63600,,0.0,,0.0,,35.0,
2026/02/22,01:40,0.0,-,63600,,0.0,,0.0,,35.0,
2026/02/22,01:50,0.0,-,63600,,0.0,,0.0,,35.0,
2026/02/22,02:00,0.0,-,63600,,0.0,,15.3,,35.0,
2026/02/22,02:10,0.0,-,63600,,0.0,,17.99,,35.0,
2026/02/22,02:20,0.0,-,63600,,0.0,,18.01,,35.0,
2026/02/22,02:30,0.0,-,63600,,0.0,,17.92,,35.0,
2026/02/22,02:40,0.0,-,63600,,0.0,,18.06,,35.0,
2026/02/22,02:50,0.0,-,63575,,1.77,,18.06,,35.0,
2026/02/22,03:00,0.0,-,63575,,1.77,,17.89,,35.0,
2026/02/22,03:10,0.0,-,63575,,1.77,,17.92,,35.0,
2026/02/22,03:20,0.0,-,63550,,1.37,,17.92,,35.0,
2026/02/22,03:30,0.0,-,63550,,1.37,,17.95,,35.0,
2026/02/22,03:40,0.0,-,63525,,0.67,,18.02,,35.0,
2026/02/22,03:50,0.0,-,63525,,0.67,,17.98,,35.0,
2026/02/22,04:00,0.0,-,63525,,0.67,,18.12,,35.0,
2026/02/22,04:10,0.0,-,63500,,0.68,,17.96,,35.0,
2026/02/22,04:20,0.0,-,63500,,0.68,,18.14,,35.0,
2026/02/22,04:30,0.0,-,63475,,1.34,,17.98,,35.0,
2026/02/22,04:40,0.0,-,63475,,1.34,,18.0,,35.0,
2026/02/22,04:50,0.0,-,63450,,0.0,,18.02,,35.0,
2026/02/22,05:00,0.0,-,63450,,0.0,,17.9,,35.0,
2026/02/22,05:10,0.0,-,63425,,0.0,,17.97,,35.0,
2026/02/22,05:20,0.0,-,63425,,0.0,,18.06,,35.0,
2026/02/22,05:30,0.0,-,63425,,0.0,,18.14,,35.0,
2026/02/22,05:40,0.0,-,63400,,5.41,,18.1,,35.0,
2026/02/22,05:50,0.0,-,63400,,5.41,,17.99,,35.0,
2026/02/22,06:00,0.0,-,63375,,0.0,,17.87,,35.0,
2026/02/22,06:10,0.0,-,63375,,0.0,,0.0,,35.0,
2026/02/22,06:20,0.0,-,63375,,0.0,,0.0,,35.0,
2026/02/22,06:30,0.0,-,63375,,0.0,,0.0,,35.0,
2026/02/22,06:40,0.0,-,63375,,0.0,,0.0,,35.0,
2026/02/22,06:50,0.0,-,63375,,0.0,,0.0,,35.0,
2026/02/22,07:00,0.0,-,63375,,0.0,,0.0,,35.0,
2026/02/22,07:10,0.0,-,63375,,0.0,,0.0,,35.0,
2026/02/22,07:20,0.0,-,63375,,0.0,,0.0,,35.0,
2026/02/22,07:30,0.0,-,63375,,0.0,,0.0,,35.0,
2026/02/22,07:40,0.0,-,63375,,0.0,,0.0,,35.0,
2026/02/22,07:50,0.0,-,63375,,0.0,,0.0,,35.0,
2026/02/22,08:00,0.0,-,63375,,0.0,,0.0,,35.0,
2026/02/22,08:10,0.0,-,63375,,0.0,,0.0,,35.0,
2026/02/22,08:20,0.0,-,63375,,0.0,,0.0,,35.0,
2026/02/22,08:30,0.0,-,63375,,0.0,,0.0,,35.0,
2026/02/22,08:40,0.0,-,63375,,0.0,,0.0,,35.0,
2026/02/22,08:50,0.0,-,63375,,0.0,,0.0,,35.0,
2026/02/22,09:00,0.0,-,63375,,0.0,,0.0,,35.0,
2026/02/22,09:10,0.0,-,63375,,0.0,,0.0,,35.0,
2026/02/22,09:20,0.0,-,63375,,0.0,,0.0,,35.0,
2026/02/22,09:30,0.0,-,63375,,0.0,,0.0,,35.0,
2026/02/22,09:40,0.0,-,63375,,0.0,,0.0,,35.0,
2026/02/22,09:50,0.0,-,63375,,0.0,,0.0,,35.0,
2026/02/22,10:00,0.0,-,63375,,0.0,,15.99,,35.0,
2026/02/22,10:10,0.0,-,63375,,0.0,,17.98,,35.0,
2026/02/22,10:20,0.0,-,63375,,0.0,,17.89,,35.0,
2026/02/22,10:30,0.0,-,63350,,0.76,,17.98,,35.0,
2026/02/22,10:40,0.0,-,63350,,0.76,,17.9,,35.0,
2026/02/22,10:50,0.0,-,63350,,0.76,,17.98,,35.0,
2026/02/22,11:00,0.0,-,63325,,1.35,,17.99,,35.0,
2026/02/22,11:10,0.0,-,63325,,1.35,,17.91,,35.0,
2026/02/22,11:20,0.0,-,63300,,1.98,,17.93,,35.0,
2026/02/22,11:30,0.0,-,63300,,1.98,,17.94,,35.0,
2026/02/22,11:40,0.0,-,63275,,0.0,,18.0,,35.0,
2026/02/22,11:50,0.0,-,63275,,0.0,,18.02,,35.0,
2026/02/22,12:00,0.0,-,63275,,0.0,,17.88,,35.0,
2026/02/22,12:10,0.0,-,63251,,6.44,,17.98,,35.0,
2026/02/22,12:20,0.0,-,63251,,6.44,,18.23,,35.0,
2026/02/22,12:30,0.0,-,63226,,0.0,,17.83,,35.0,
2026/02/22,12:40,0.0,-,63226,,0.0,,17.81,,35.0,
2026/02/22,12:50,0.0,-,63226,,0.0,,17.82,,35.0,
2026/02/22,13:00,0.0,-,63201,,3.68,,18.03,,35.0,
2026/02/22,13:10,0.0,-,63201,,3.68,,17.85,,35.0,
2026/02/22,13:20,0.0,-,63176,,1.98,,17.99,,35.0,
2026/02/22,13:30,0.0,-,63176,,1.98,,17.93,,35.0,
2026/02/22,13:40,0.0,-,63176,,1.98,,18.1,,35.0,
2026/02/22,13:50,0.0,-,63151,,2.03,,18.18,,35.0,
2026/02/22,14:00,0.0,-,63151,,2.03,,17.89,,35.0,
2026/02/22,14:10,0.0,-,63126,,0.0,,0.0,,34.0,
2026/02/22,14:20,0.0,-,63126,,0.0,,0.0,,34.0,
2026/02/22,14:30,0.0,-,63126,,0.0,,0.0,,34.0,
2026/02/22,14:40,0.0,-,63126,,0.0,,0.0,,34.0,
2026/02/22,14:50,0.0,-,63126,,0.0,,0.0,,34.0,
2026/02/22,15:00,0.0,-,63126,,0.0,,0.0,,34.0,
2026/02/22,15:10,0.0,-,63126,,0.0,,0.0,,34.0,
2026/02/22,15:20,0.0,-,63126,,0.0,,0.0,,34.0,
2026/02/22,15:30,0.0,-,63126,,0.0,,0.0,,34.0,
2026/02/22,15:40,0.0,-,63126,,0.0,,0.0,,34.0,
2026/02/22,15:50,0.0,-,63126,,0.0,,0.0,,34.0,
2026/02/22,16:00,0.0,-,63126,,0.0,,0.0,,34.0,
2026/02/22,16:10,0.0,-,63126,,0.0,,0.0,,34.0,
2026/02/22,16:20,0.0,-,63126,,0.0,,0.0,,34.0,
2026/02/22,16:30,0.0,-,63126,,0.0,,0.0,,34.0,
2026/02/22,16:40,0.0,-,63126,,0.0,,0.0,,34.0,
2026/02/22,16:50,0.0,-,63126,,0.0,,0.0,,34.0,
2026/02/22,17:00,0.0,-,63126,,0.0,,0.0,,34.0,
2026/02/22,17:10,0.0,-,63126,,0.0,,0.0,,34.0,
2026/02/22,17:20,0.0,-,63126,,0.0,,0.0,,34.0,
2026/02/22,17:30,0.0,-,63126,,0.0,,0.0,,34.0,
2026/02/22,17:40,0.0,-,63126,,0.0,,0.0,,34.0,
2026/02/22,17:50,0.0,-,63126,,0.0,,0.0,,34.0,
2026/02/22,18:00,0.0,-,63126,,0.0,,14.66,,34.0,
2026/02/22,18:10,0.0,-,63126,,0.0,,18.22,,34.0,
2026/02/22,18:20,0.0,-,63126,,0.0,,17.96,,34.0,
2026/02/22,18:30,0.0,-,63126,,0.0,,17.98,,34.0,
2026/02/22,18:40,0.0,-,63126,,0.0,,18.03,,34.0,
2026/02/22,18:50,0.0,-,63101,,1.57,,18.0,,34.0,
2026/02/22,19:00,0.0,-,63101,,1.57,,18.02,,34.0,
2026/02/22,19:10,0.0,-,63101,,1.57,,17.86,,34.0,
2026/02/22,19:20,0.0,-,63076,,2.0,,18.19,,34.0,
2026/02/22,19:30,0.0,-,63051,,0.0,,18.08,,34.0,
2026/02/22,19:40,0.0,-,63051,,0.0,,17.86,,34.0,
2026/02/22,19:50,0.0,-,63026,,2.63,,17.87,,34.0,
2026/02/22,20:00,0.0,-,63026,,2.63,,17.97,,34.0,
2026/02/22,20:10,0.0,-,63026,,2.63,,18.06,,34.0,
2026/02/22,20:20,0.0,-,63001,,4.11,,18.02,,34.0,
2026/02/22,20:30,0.0,-,63001,,4.11,,17.89,,34.0,
2026/02/22,20:40,0.0,-,62976,,0.0,,17.94,,34.0,
2026/02/22,20:50,0.0,-,62976,,0.0,,18.1,,34.0,
2026/02/22,21:00,0.0,-,62976,,0.0,,18.07,,34.0,
2026/02/22,21:10,0.0,-,62951,,2.01,,18.03,,34.0,
2026/02/22,21:20,0.0,-,62951,,2.01,,17.97,,34.0,
2026/02/22,21:30,0.0,-,62926,,0.0,,17.94,,34.0,
2026/02/22,21:40,0.0,-,62926,,0.0,,17.86,,34.0,
2026/02/22,21:50,0.0,-,62926,,0.0,,18.05,,34.0,
2026/02/22,22:00,0.0,-,62901,,6.14,,17.97,,34.0,
2026/02/22,22:10,0.0,-,62901,,6.14,,0.0,,34.0,
2026/02/22,22:20,0.0,-,62901,,6.14,,0.0,,34.0,
2026/02/22,22:30,0.0,-,62901,,6.14,,0.0,,34.0,
2026/02/22,22:40,0.0,-,62901,,6.14,,0.0,,34.0,
2026/02/22,22:50,0.0,-,62901,,6.14,,0.0,,34.0,
2026/02/22,23:00,0.0,-,62901,,6.14,,0.0,,34.0,
2026/02/22,23:10,0.0,-,62901,,6.14,,0.0,,34.0,
2026/02/22,23:20,0.0,-,62901,,6.14,,0.0,,34.0,
2026/02/22,23:30,0.0,-,62901,,6.14,,0.0,,34.0,
2026/02/22,23:40,0.0,-,62901,,6.14,,0.0,,34.0,
2026/02/22,23:50,0.0,-,62901,,6.14,,0.0,,34.0,
2026/02/22,24:00,0.0,-,62901,,6.14,,0.0,,34.0,
2026/02/23,00:10,0.0,-,62901,,6.14,,0.0,,34.0,
2026/02/23,00:20,0.0,-,62901,,6.14,,0.0,,34.0,
2026/02/23,00:30,0.0,-,62901,,6.14,,0.0,,34.0,
2026/02/23,00:40,0.0,-,62901,,6.14,,0.0,,34.0,
2026/02/23,00:50,0.0,-,62926,,6.14,,0.0,,34.0,
2026/02/23,01:00,0.0,-,62901,,6.14,,16.03,,34.0,
2026/02/23,01:10,0.0,-,62901,,6.14,,18.05,,34.0,
2026/02/23,01:20,0.0,-,62876,,0.48,,18.08,,34.0,
2026/02/23,01:30,0.0,-,62876,,0.48,,18.05,,34.0,
2026/02/23,01:40,0.0,-,62876,,0.48,,18.01,,34.0,
2026/02/23,01:50,0.0,-,62851,,1.99,,17.96,,34.0,
2026/02/23,02:00,0.0,-,62851,,1.99,,18.1,,34.0,
2026/02/23,02:10,0.0,-,62826,,0.0,,18.01,,34.0,
2026/02/23,02:20,0.0,-,62826,,0.0,,18.04,,34.0,
2026/02/23,02:30,0.0,-,62826,,0.0,,17.91,,34.0,
2026/02/23,02:40,0.0,-,62801,,3.13,,18.05,,34.0,
2026/02/23,02:50,0.0,-,62801,,3.13,,18.0,,34.0,
2026/02/23,03:00,0.0,-,62777,,1.37,,18.14,,34.0,
2026/02/23,03:10,0.0,-,62777,,1.37,,17.94,,34.0,
2026/02/23,03:20,0.0,-,62777,,1.37,,18.0,,34.0,
2026/02/23,03:30,0.0,-,62752,,1.97,,17.86,,34.0,
2026/02/23,03:40,0.0,-,62752,,1.97,,18.01,,34.0,
2026/02/23,03:50,0.0,-,62727,,1.97,,17.88,,34.0,
2026/02/23,04:00,0.0,-,62727,,1.97,,17.84,,34.0,
2026/02/23,04:10,0.0,-,62727,,1.97,,18.04,,34.0,
2026/02/23,04:20,0.0,-,62702,,4.15,,18.05,,34.0,
2026/02/23,04:30,0.0,-,62702,,4.15,,17.93,,34.0,
2026/02/23,04:40,0.0,-,62677,,0.0,,17.94,,34.0,
2026/02/23,04:50,0.0,-,62677,,0.0,,18.0,,34.0,
2026/02/23,05:00,0.0,-,62677,,0.0,,18.02,,34.0,
2026/02/23,05:10,0.0,-,62652,,0.0,,0.0,,34.0,
2026/02/23,05:20,0.0,-,62652,,0.0,,0.0,,34.0,
2026/02/23,05:30,0.0,-,62652,,0.0,,0.0,,34.0,
2026/02/23,05:40,0.0,-,62652,,0.0,,0.0,,34.0,
2026/02/23,05:50,0.0,-,62677,,0.0,,0.0,,34.0,
2026/02/23,06:00,0.0,-,62652,,0.0,,0.0,,34.0,
2026/02/23,06:10,0.0,-,62677,,0.0,,0.0,,34.0,
2026/02/23,06:20,0.0,-,62652,,0.0,,0.0,,34.0,
2026/02/23,06:30,0.0,-,62677,,0.0,,0.0,,34.0,
2026/02/23,06:40,0.0,-,62677,,0.0,,0.0,,34.0,
2026/02/23,06:50,0.0,-,62677,,0.0,,0.0,,34.0,
2026/02/23,07:00,0.0,-,62652,,0.0,,0.0,,34.0,
2026/02/23,07:10,0.0,-,62677,,0.0,,0.0,,34.0,
2026/02/23,07:20,0.0,-,62677,,0.0,,0.0,,34.0,
2026/02/23,07:30,0.0,-,62677,,0.0,,0.0,,34.0,
2026/02/23,07:40,0.0,-,62677,,0.0,,0.0,,34.0,
2026/02/23,07:50,0.0,-,62677,,0.0,,0.0,,34.0,
2026/02/23,08:00,0.0,-,62677,,0.0,,0.0,,34.0,
2026/02/23,08:10,0.0,-,62677,,0.0,,0.0,,34.0,
2026/02/23,08:20,0.0,-,62677,,0.0,,0.0,,34.0,
2026/02/23,08:30,0.0,-,62677,,0.0,,0.0,,34.0,
2026/02/23,08:40,0.0,-,62677,,0.0,,0.0,,34.0,
2026/02/23,08:50,0.0,-,62677,,0.0,,0.0,,34.0,
2026/02/23,09:00,0.0,-,62677,,0.0,,15.76,,34.0,
2026/02/23,09:10,0.0,-,62677,,0.0,,18.05,,34.0,
2026/02/23,09:20,0.0,-,62652,,0.0,,18.05,,34.0,
2026/02/23,09:30,0.0,-,62652,,0.0,,18.05,,34.0,
2026/02/23,09:40,0.0,-,62652,,0.0,,18.04,,34.0,
2026/02/23,09:50,0.0,-,62627,,1.42,,17.97,,34.0,
2026/02/23,10:00,0.0,-,62602,,0.0,,17.95,,34.0,
2026/02/23,10:10,0.0,-,62602,,0.0,,18.09,,34.0,
2026/02/23,10:20,0.0,-,62602,,0.0,,18.09,,34.0,
2026/02/23,10:30,0.0,-,62577,,2.0,,18.13,,34.0,
2026/02/23,10:40,0.0,-,62577,,2.0,,18.08,,34.0,
2026/02/23,10:50,0.0,-,62552,,0.0,,18.14,,34.0,
2026/02/23,11:00,0.0,-,62552,,0.0,,17.96,,34.0,
2026/02/23,11:10,0.0,-,62552,,0.0,,17.98,,34.0,
2026/02/23,11:20,0.0,-,62527,,5.41,,18.17,,34.0,
2026/02/23,11:30,0.0,-,62527,,5.41,,18.03,,34.0,
2026/02/23,11:40,0.0,-,62527,,5.41,,18.05,,34.0,
2026/02/23,11:50,0.0,-,62502,,1.98,,17.78,,34.0,
2026/02/23,12:00,0.0,-,62502,,1.98,,18.04,,34.0,
2026/02/23,12:10,0.0,-,62477,,0.0,,17.93,,34.0,
2026/02/23,12:20,0.0,-,62477,,0.0,,18.06,,34.0,
2026/02/23,12:30,0.0,-,62477,,0.0,,17.96,,34.0,
2026/02/23,12:40,0.0,-,62452,,5.0,,18.15,,34.0,
2026/02/23,12:50,0.0,-,62452,,5.0,,17.97,,34.0,
2026/02/23,13:00,0.0,-,62427,,0.0,,17.97,,34.0,
2026/02/23,13:10,0.0,-,62427,,0.0,,0.0,,34.0,
2026/02/23,13:20,0.0,-,62427,,0.0,,0.0,,34.0,
2026/02/23,13:30,0.0,-,62427,,0.0,,0.0,,34.0,
2026/02/23,13:40,0.0,-,62427,,0.0,,0.0,,34.0,
2026/02/23,13:50,0.0,-,62427,,0.0,,0.0,,34.0,
2026/02/23,14:00,0.0,-,62452,,0.0,,0.0,,34.0,
2026/02/23,14:10,0.0,-,62427,,0.0,,0.0,,34.0,
2026/02/23,14:20,0.0,-,62452,,0.0,,0.0,,34.0,
2026/02/23,14:30,0.0,-,62427,,0.0,,0.0,,34.0,
2026/02/23,14:40,0.0,-,62427,,0.0,,0.0,,34.0,
2026/02/23,14:50,0.0,-,62427,,0.0,,0.0,,34.0,
2026/02/23,15:00,0.0,-,62452,,0.0,,0.0,,34.0,
2026/02/23,15:10,0.0,-,62427,,0.0,,0.0,,34.0,
2026/02/23,15:20,0.0,-,62452,,0.0,,0.0,,34.0,
2026/02/23,15:30,0.0,-,62427,,0.0,,0.0,,34.0,
2026/02/23,15:40,0.0,-,62452,,0.0,,0.0,,34.0,
2026/02/23,15:50,0.0,-,62452,,0.0,,0.0,,34.0,
2026/02/23,16:00,0.0,-,62452,,0.0,,0.0,,34.0,
2026/02/23,16:10,0.0,-,62452,,0.0,,0.0,,34.0,
2026/02/23,16:20,0.0,-,62452,,0.0,,0.0,,34.0,
2026/02/23,16:30,0.0,-,62452,,0.0,,0.0,,34.0,
2026/02/23,16:40,0.0,-,62452,,0.0,,0.0,,34.0,
2026/02/23,16:50,0.0,-,62452,,0.0,,0.0,,34.0,
2026/02/23,17:00,0.0,-,62452,,0.0,,15.24,,34.0,
2026/02/23,17:10,0.0,-,62452,,0.0,,18.08,,34.0,
2026/02/23,17:20,0.0,-,62427,,0.0,,17.99,,34.0,
2026/02/23,17:30,0.0,-,62427,,0.0,,17.86,,34.0,
2026/02/23,17:40,0.0,-,62427,,0.0,,18.09,,34.0,
2026/02/23,17:50,0.0,-,62402,,1.83,,17.97,,34.0,
2026/02/23,18:00,0.0,-,62402,,1.83,,17.9,,34.0,
2026/02/23,18:10,0.0,-,62377,,0.0,,18.11,,34.0,
2026/02/23,18:20,0.0,-,62377,,0.0,,18.05,,34.0,
2026/02/23,18:30,0.0,-,62377,,0.0,,17.86,,34.0,
2026/02/23,18:40,0.0,-,62352,,1.96,,17.99,,34.0,
2026/02/23,18:50,0.0,-,62352,,1.96,,18.2,,34.0,
2026/02/23,19:00,0.0,-,62327,,2.63,,18.01,,34.0,
2026/02/23,19:10,0.0,-,62327,,2.63,,17.99,,34.0,
2026/02/23,19:20,0.0,-,62327,,2.63,,17.95,,34.0,
2026/02/23,19:30,0.0,-,62303,,2.57,,17.98,,34.0,
2026/02/23,19:40,0.0,-,62303,,2.57,,17.95,,34.0,
2026/02/23,19:50,0.0,-,62278,,0.0,,18.07,,34.0,
2026/02/23,20:00,0.0,-,62278,,0.0,,18.05,,34.0,
2026/02/23,20:10,0.0,-,62278,,0.0,,18.06,,34.0,
2026/02/23,20:20,0.0,-,62253,,1.99,,17.92,,34.0,
2026/02/23,20:30,0.0,-,62253,,1.99,,17.85,,34.0,
2026/02/23,20:40,0.0,-,62228,,0.0,,17.9,,34.0,
2026/02/23,20:50,0.0,-,62228,,0.0,,17.85,,34.0,
2026/02/23,21:00,0.0,-,62228,,0.0,,18.1,,34.0,
2026/02/23,21:10,0.0,-,62203,,3.87,,0.0,,34.0,
2026/02/23,21:20,0.0,-,62203,,3.87,,0.0,,34.0,
2026/02/23,21:30,0.0,-,62203,,3.87,,0.0,,34.0,
2026/02/23,21:40,0.0,-,62203,,3.87,,0.0,,34.0,
2026/02/23,21:50,0.0,-,62203,,3.87,,0.0,,34.0,
2026/02/23,22:00,0.0,-,62203,,3.87,,0.0,,34.0,
2026/02/23,22:10,0.0,-,62203,,3.87,,0.0,,34.0,
2026/02/23,22:20,0.0,-,62203,,3.87,,0.0,,34.0,
2026/02/23,22:30,0.0,-,62203,,3.87,,0.0,,34.0,
2026/02/23,22:40,0.0,-,62203,,3.87,,0.0,,34.0,
2026/02/23,22:50,0.0,-,62203,,3.87,,0.0,,34.0,
2026/02/23,23:00,0.0,-,62203,,3.87,,0.0,,34.0,
2026/02/23,23:10,0.0,-,62203,,3.87,,0.0,,34.0,
2026/02/23,23:20,0.0,-,62203,,3.87,,0.0,,34.0,
2026/02/23,23:30,0.0,-,62203,,3.87,,0.0,,34.0,
2026/02/23,23:40,0.0,-,62203,,3.87,,0.0,,34.0,
2026/02/23,23:50,0.0,-,62203,,3.87,,0.0,,34.0,
2026/02/23,24:00,0.0,-,62203,,3.87,,0.0,,34.0,
2026/02/24,00:10,0.0,-,62203,,3.87,,0.0,,34.0,
2026/02/24,00:20,0.0,-,62203,,3.87,,0.0,,34.0,
2026/02/24,00:30,0.0,-,62228,,3.87,,0.0,,34.0,
2026/02/24,00:40,0.0,-,62228,,3.87,,0.0,,34.0,
2026/02/24,00:50,0.0,-,62228,,3.87,,0.0,,34.0,
2026/02/24,01:00,0.0,-,62228,,3.87,,0.0,,34.0,
2026/02/24,01:10,0.0,-,62228,,3.87,,0.0,,34.0,
2026/02/24,01:20,0.0,-,62228,,3.87,,0.0,,34.0,
2026/02/24,01:30,0.0,-,62228,,3.87,,0.0,,34.0,
2026/02/24,01:40,0.0,-,62228,,3.87,,0.0,,34.0,
2026/02/24,01:50,0.0,-,62228,,3.87,,0.0,,34.0,
2026/02/24,02:00,0.0,-,62228,,3.87,,16.28,,34.0,
2026/02/24,02:10,0.0,-,62228,,3.87,,18.11,,34.0,
2026/02/24,02:20,0.0,-,62203,,3.87,,18.17,,34.0,
2026/02/24,02:30,0.0,-,62203,,3.87,,17.9,,34.0,
2026/02/24,02:40,0.0,-,62203,,3.87,,18.04,,34.0,
2026/02/24,02:50,0.0,-,62178,,1.23,,18.14,,34.0,
2026/02/24,03:00,0.0,-,62178,,1.23,,18.01,,34.0,
2026/02/24,03:10,0.0,-,62153,,0.0,,17.79,,34.0,
2026/02/24,03:20,0.0,-,62153,,0.0,,17.87,,34.0,
2026/02/24,03:30,0.0,-,62128,,0.0,,17.9,,34.0,
2026/02/24,03:40,0.0,-,62128,,0.0,,18.13,,34.0,
2026/02/24,03:50,0.0,-,62103,,0.0,,18.11,,34.0,
2026/02/24,04:00,0.0,-,62103,,0.0,,18.03,,34.0,
2026/02/24,04:10,0.0,-,62103,,0.0,,17.95,,34.0,
2026/02/24,04:20,0.0,-,62078,,4.55,,18.0,,34.0,
2026/02/24,04:30,0.0,-,62078,,4.55,,17.88,,34.0,
2026/02/24,04:40,0.0,-,62078,,4.55,,18.08,,34.0,
2026/02/24,04:50,0.0,-,62053,,0.68,,17.92,,34.0,
2026/02/24,05:00,0.0,-,62053,,0.68,,17.94,,34.0,
2026/02/24,05:10,0.0,-,62028,,0.66,,18.07,,34.0,
2026/02/24,05:20,0.0,-,62028,,0.66,,18.09,,34.0,
2026/02/24,05:30,0.0,-,62003,,0.0,,17.85,,34.0,
2026/02/24,05:40,0.0,-,62003,,0.0,,18.03,,34.0,
2026/02/24,05:50,0.0,-,62003,,0.0,,17.91,,34.0,
2026/02/24,06:00,0.0,-,61978,,2.61,,17.98,,34.0,
2026/02/24,06:10,0.0,-,61978,,2.61,,0.0,,34.0,
2026/02/24,06:20,0.0,-,61978,,2.61,,0.0,,34.0,
2026/02/24,06:30,0.0,-,61978,,2.61,,0.0,,34.0,
2026/02/24,06:40,0.0,-,61978,,2.61,,0.0,,34.0,
2026/02/24,06:50,0.0,-,61978,,2.61,,0.0,,34.0,
2026/02/24,07:00,0.0,-,61978,,2.61,,0.0,,34.0,
2026/02/24,07:10,0.0,-,61978,,2.61,,0.0,,34.0,
2026/02/24,07:20,0.0,-,61978,,2.61,,0.0,,34.0,
2026/02/24,07:30,0.0,-,61978,,2.61,,0.0,,34.0,
2026/02/24,07:40,0.0,-,61978,,2.61,,0.0,,34.0,
2026/02/24,07:50,0.0,-,61978,,2.61,,0.0,,34.0,
2026/02/24,08:00,0.0,-,61978,,2.61,,0.0,,34.0,
2026/02/24,08:10,0.0,-,61978,,2.61,,0.0,,34.0,
2026/02/24,08:20,0.0,-,61978,,2.61,,0.0,,34.0,
2026/02/24,08:30,0.0,-,62003,,2.61,,0.0,,34.0,
2026/02/24,08:40,0.0,-,62003,,2.61,,0.0,,34.0,
2026/02/24,08:50,0.0,-,61978,,2.61,,0.0,,34.0,
2026/02/24,09:00,0.0,-,62003,,2.61,,0.0,,34.0,
2026/02/24,09:10,0.0,-,62003,,2.61,,0.0,,34.0,
2026/02/24,09:20,0.0,-,61978,,2.61,,0.0,,34.0,
2026/02/24,09:30,0.0,-,62003,,2.61,,0.0,,34.0,
2026/02/24,09:40,0.0,-,61978,,2.61,,0.0,,34.0,
2026/02/24,09:50,0.0,-,61978,,2.61,,0.0,,34.0,
2026/02/24,10:00,0.0,-,62003,,2.61,,15.21,,34.0,
2026/02/24,10:10,0.0,-,62003,,2.61,,18.01,,34.0,
2026/02/24,10:20,0.0,-,61978,,2.61,,17.98,,34.0,
2026/02/24,10:30,0.0,-,61978,,2.61,,17.94,,34.0,
2026/02/24,10:40,0.0,-,61953,,1.53,,17.83,,34.0,
2026/02/24,10:50,0.0,-,61953,,1.53,,17.73,,34.0,
2026/02/24,11:00,0.0,-,61928,,0.0,,18.21,,34.0,
2026/02/24,11:10,0.0,-,61928,,0.0,,17.83,,34.0,
2026/02/24,11:20,0.0,-,61928,,0.0,,17.85,,34.0,
2026/02/24,11:30,0.0,-,61903,,2.59,,18.02,,34.0,
2026/02/24,11:40,0.0,-,61903,,2.59,,17.96,,34.0,
2026/02/24,11:50,0.0,-,61878,,0.0,,18.05,,34.0,
2026/02/24,12:00,0.0,-,61878,,0.0,,18.15,,34.0,
2026/02/24,12:10,0.0,-,61878,,0.0,,18.08,,34.0,
2026/02/24,12:20,0.0,-,61853,,3.67,,18.0,,34.0,
2026/02/24,12:30,0.0,-,61853,,3.67,,17.95,,34.0,
2026/02/24,12:40,0.0,-,61829,,1.36,,17.95,,34.0,
2026/02/24,12:50,0.0,-,61829,,1.36,,18.08,,34.0,
2026/02/24,13:00,0.0,-,61804,,0.0,,18.09,,34.0,
2026/02/24,13:10,0.0,-,61804,,0.0,,18.11,,34.0,
2026/02/24,13:20,0.0,-,61804,,0.0,,18.01,,34.0,
2026/02/24,13:30,0.0,-,61779,,3.16,,17.8,,34.0,
2026/02/24,13:40,0.0,-,61779,,3.16,,17.93,,34.0,
2026/02/24,13:50,0.0,-,61754,,2.61,,18.03,,34.0,
2026/02/24,14:00,0.0,-,61754,,2.61,,18.06,,34.0,
2026/02/24,14:10,0.0,-,61754,,2.61,,0.0,,34.0,
2026/02/24,14:20,0.0,-,61754,,2.61,,0.0,,34.0,
2026/02/24,14:30,0.0,-,61754,,2.61,,0.0,,34.0,
2026/02/24,14:40,0.0,-,61754,,2.61,,0.0,,34.0,
2026/02/24,14:50,0.0,-,61754,,2.61,,0.0,,34.0,
2026/02/24,15:00,0.0,-,61754,,2.61,,0.0,,34.0,
2026/02/24,15:10,0.0,-,61754,,2.61,,0.0,,34.0,
2026/02/24,15:20,0.0,-,61754,,2.61,,0.0,,34.0,
2026/02/24,15:30,0.0,-,61754,,2.61,,0.0,,34.0,
2026/02/24,15:40,0.0,-,61754,,2.61,,0.0,,34.0,
2026/02/24,15:50,0.0,-,61754,,2.61,,0.0,,34.0,
2026/02/24,16:00,0.0,-,61754,,2.61,,0.0,,34.0,
2026/02/24,16:10,0.0,-,61754,,2.61,,0.0,,34.0,
2026/02/24,16:20,0.0,-,61754,,2.61,,0.0,,34.0,
2026/02/24,16:30,0.0,-,61754,,2.61,,0.0,,34.0,
2026/02/24,16:40,0.0,-,61754,,2.61,,0.0,,34.0,
2026/02/24,16:50,0.0,-,61754,,2.61,,0.0,,34.0,
2026/02/24,17:00,0.0,-,61754,,2.61,,0.0,,34.0,
2026/02/24,17:10,0.0,-,61754,,2.61,,0.0,,34.0,
2026/02/24,17:20,0.0,-,61754,,2.61,,0.0,,34.0,
2026/02/24,17:30,0.0,-,61754,,2.61,,0.0,,34.0,
2026/02/24,17:40,0.0,-,61754,,2.61,,0.0,,34.0,
2026/02/24,17:50,0.0,-,61754,,2.61,,0.0,,34.0,
2026/02/24,18:00,0.0,-,61754,,2.61,,0.0,,34.0,
2026/02/24,18:10,0.0,-,61754,,2.61,,0.0,,34.0,
2026/02/24,18:20,0.0,-,61754,,2.61,,0.0,,34.0,
2026/02/24,18:30,0.0,-,61754,,2.61,,0.0,,34.0,
2026/02/24,18:40,0.0,-,61754,,2.61,,0.0,,34.0,
2026/02/24,18:50,0.0,-,61779,,2.61,,0.0,,34.0,
2026/02/24,19:00,0.0,-,61779,,2.61,,15.07,,34.0,
2026/02/24,19:10,0.0,-,61779,,2.61,,17.82,,34.0,
2026/02/24,19:20,0.0,-,61754,,2.61,,17.97,,34.0,
2026/02/24,19:30,0.0,-,61754,,2.61,,17.95,,34.0,
2026/02/24,19:40,0.0,-,61729,,1.31,,18.05,,34.0,
2026/02/24,19:50,0.0,-,61729,,1.31,,18.03,,34.0,
2026/02/24,20:00,0.0,-,61729,,1.31,,17.97,,34.0,
2026/02/24,20:10,0.0,-,61704,,5.01,,17.9,,34.0,
2026/02/24,20:20,0.0,-,61704,,5.01,,17.96,,34.0,
2026/02/24,20:30,0.0,-,61679,,0.0,,18.02,,34.0,
2026/02/24,20:40,0.0,-,61679,,0.0,,18.02,,34.0,
2026/02/24,20:50,0.0,-,61654,,1.37,,17.85,,34.0,
2026/02/24,21:00,0.0,-,61654,,1.37,,17.95,,34.0,
2026/02/24,21:10,0.0,-,61654,,1.37,,18.1,,34.0,
2026/02/24,21:20,0.0,-,61629,,1.36,,17.98,,34.0,
2026/02/24,21:30,0.0,-,61629,,1.36,,18.07,,34.0,
2026/02/24,21:40,0.0,-,61604,,1.35,,18.09,,34.0,
2026/02/24,21:50,0.0,-,61604,,1.35,,18.02,,34.0,
2026/02/24,22:00,0.0,-,61604,,1.35,,18.08,,34.0,
2026/02/24,22:10,0.0,-,61579,,0.22,,0.0,,34.0,
2026/02/24,22:20,0.0,-,61579,,0.22,,0.0,,34.0,
2026/02/24,22:30,0.0,-,61579,,0.22,,0.0,,34.0,
2026/02/24,22:40,0.0,-,61579,,0.22,,0.0,,34.0,
2026/02/24,22:50,0.0,-,61579,,0.22,,0.0,,34.0,
2026/02/24,23:00,0.0,-,61579,,0.22,,0.0,,34.0,
2026/02/24,23:10,0.0,-,61579,,0.22,,0.0,,34.0,
2026/02/24,23:20,0.0,-,61579,,0.22,,0.0,,34.0,
2026/02/24,23:30,0.0,-,61579,,0.22,,0.0,,34.0,
2026/02/24,23:40,0.0,-,61579,,0.22,,0.0,,34.0,
2026/02/24,23:50,0.0,-,61579,,0.22,,0.0,,34.0,
2026/02/24,24:00,0.0,-,61579,,0.22,,0.0,,34.0,
2026/02/25,00:10,0.0,-,61604,,0.22,,0.0,,34.0,
2026/02/25,00:20,0.0,-,61604,,0.22,,0.0,,34.0,
2026/02/25,00:30,0.0,-,61579,,0.22,,0.0,,34.0,
2026/02/25,00:40,0.0,-,61579,,0.22,,0.0,,34.0,
2026/02/25,00:50,0.0,-,61604,,0.22,,0.0,,34.0,
2026/02/25,01:00,0.0,-,61579,,0.22,,0.0,,34.0,
2026/02/25,01:10,0.0,-,61604,,0.22,,0.0,,34.0,
2026/02/25,01:20,0.0,-,61604,,0.22,,0.0,,34.0,
2026/02/25,01:30,0.0,-,61579,,0.22,,0.0,,34.0,
2026/02/25,01:40,0.0,-,61604,,0.22,,0.0,,34.0,
2026/02/25,01:50,0.0,-,61604,,0.22,,0.0,,34.0,
2026/02/25,02:00,0.0,-,61604,,0.22,,16.46,,34.0,
2026/02/25,02:10,0.0,-,61604,,0.22,,18.04,,34.0,
2026/02/25,02:20,0.0,-,61579,,0.22,,18.03,,34.0,
2026/02/25,02:30,0.0,-,61579,,0.22,,18.09,,34.0,
2026/02/25,02:40,0.0,-,61554,,0.75,,17.76,,34.0,
2026/02/25,02:50,0.0,-,61554,,0.75,,17.9,,34.0,
2026/02/25,03:00,0.0,-,61529,,3.14,,18.12,,34.0,
2026/02/25,03:10,0.0,-,61529,,3.14,,17.94,,34.0,
2026/02/25,03:20,0.0,-,61504,,0.0,,18.03,,34.0,
2026/02/25,03:30,0.0,-,61504,,0.0,,17.93,,34.0,
2026/02/25,03:40,0.0,-,61504,,0.0,,18.04,,34.0,
2026/02/25,03:50,0.0,-,61479,,2.01,,18.16,,34.0,
2026/02/25,04:00,0.0,-,61479,,2.01,,17.99,,34.0,
2026/02/25,04:10,0.0,-,61479,,2.01,,18.03,,34.0,
2026/02/25,04:20,0.0,-,61454,,2.59,,17.93,,34.0,
2026/02/25,04:30,0.0,-,61454,,2.59,,17.81,,34.0,
2026/02/25,04:40,0.0,-,61429,,0.0,,17.9,,34.0,
2026/02/25,04:50,0.0,-,61429,,0.0,,17.88,,34.0,
2026/02/25,05:00,0.0,-,61404,,0.0,,18.03,,34.0,
2026/02/25,05:10,0.0,-,61404,,0.0,,18.14,,34.0,
2026/02/25,05:20,0.0,-,61404,,0.0,,18.08,,34.0,
2026/02/25,05:30,0.0,-,61379,,3.16,,18.01,,34.0,
2026/02/25,05:40,0.0,-,61379,,3.16,,17.91,,34.0,
2026/02/25,05:50,0.0,-,61355,,0.0,,17.9,,34.0,
2026/02/25,06:00,0.0,-,61355,,0.0,,18.01,,34.0,
2026/02/25,06:10,0.0,-,61355,,0.0,,0.0,,34.0,
2026/02/25,06:20,0.0,-,61355,,0.0,,0.0,,34.0,
2026/02/25,06:30,0.0,-,61355,,0.0,,0.0,,34.0,
2026/02/25,06:40,0.0,-,61355,,0.0,,0.0,,34.0,
2026/02/25,06:50,0.0,-,61355,,0.0,,0.0,,34.0,
2026/02/25,07:00,0.0,-,61355,,0.0,,0.0,,34.0,
2026/02/25,07:10,0.0,-,61355,,0.0,,0.0,,34.0,
2026/02/25,07:20,0.0,-,61355,,0.0,,0.0,,34.0,
2026/02/25,07:30,0.0,-,61355,,0.0,,0.0,,34.0,
2026/02/25,07:40,0.0,-,61355,,0.0,,0.0,,34.0,
2026/02/25,07:50,0.0,-,61355,,0.0,,0.0,,34.0,
2026/02/25,08:00,0.0,-,61355,,0.0,,0.0,,34.0,
2026/02/25,08:10,0.0,-,61355,,0.0,,0.0,,34.0,
2026/02/25,08:20,0.0,-,61379,,0.0,,0.0,,34.0,
2026/02/25,08:30,0.0,-,61355,,0.0,,0.0,,34.0,
2026/02/25,08:40,0.0,-,61379,,0.0,,0.0,,34.0,
2026/02/25,08:50,0.0,-,61379,,0.0,,0.0,,34.0,
2026/02/25,09:00,0.0,-,61379,,0.0,,0.0,,34.0,
2026/02/25,09:10,0.0,-,61379,,0.0,,0.0,,34.0,
2026/02/25,09:20,0.0,-,61379,,0.0,,0.0,,34.0,
2026/02/25,09:30,0.0,-,61379,,0.0,,0.0,,34.0,
2026/02/25,09:40,0.0,-,61404,,4.99,,0.0,,34.0,
2026/02/25,09:50,0.0,-,61379,,4.99,,0.0,,34.0,
2026/02/25,10:00,0.0,-,61379,,4.99,,0.0,,34.0,
2026/02/25,10:10,0.0,-,61379,,4.99,,0.0,,34.0,
2026/02/25,10:20,0.0,-,61404,,4.99,,0.0,,34.0,
2026/02/25,10:30,0.0,-,61404,,4.99,,0.0,,34.0,
2026/02/25,10:40,0.0,-,61404,,4.99,,0.0,,34.0,
2026/02/25,10:50,0.0,-,61404,,4.99,,0.0,,34.0,
2026/02/25,11:00,0.0,-,61404,,4.99,,0.0,,34.0,
2026/02/25,11:10,0.0,-,61404,,4.99,,0.0,,34.0,
2026/02/25,11:20,0.0,-,61404,,4.99,,0.0,,34.0,
2026/02/25,11:30,0.0,-,61404,,4.99,,0.0,,34.0,
2026/02/25,11:40,0.0,-,61404,,4.99,,0.0,,34.0,
2026/02/25,11:50,0.0,-,61404,,4.99,,0.0,,34.0,
2026/02/25,12:00,0.0,-,61429,,3.03,,0.0,,34.0,
2026/02/25,12:10,0.0,-,61429,,3.03,,0.0,,34.0,
2026/02/25,12:20,0.0,-,61429,,3.03,,0.0,,34.0,
2026/02/25,12:30,0.0,-,61429,,3.03,,0.0,,34.0,
2026/02/25,12:40,0.0,-,61454,,9.45,,0.0,,34.0,
2026/02/25,12:50,0.0,-,61454,,9.45,,0.0,,34.0,
2026/02/25,13:00,0.0,-,61454,,9.45,,0.0,,34.0,
2026/02/25,13:10,0.0,-,61454,,9.45,,0.0,,34.0,
2026/02/25,13:20,0.0,-,61454,,9.45,,0.0,,34.0,
2026/02/25,13:30,0.0,-,61454,,9.45,,0.0,,34.0,
2026/02/25,13:40,0.0,-,61454,,9.45,,0.0,,34.0,
2026/02/25,13:50,0.0,-,61454,,9.45,,0.0,,34.0,
2026/02/25,14:00,0.0,-,61454,,9.45,,0.0,,34.0,
2026/02/25,14:10,0.0,-,61479,,4.72,,0.0,,34.0,
2026/02/25,14:20,0.0,-,61454,,4.72,,0.0,,34.0,
2026/02/25,14:30,0.0,-,61479,,4.72,,0.0,,34.0,
2026/02/25,14:40,0.0,-,61479,,4.72,,0.0,,34.0,
2026/02/25,14:50,0.0,-,61479,,4.72,,0.0,,34.0,
2026/02/25,15:00,0.0,-,61479,,4.72,,0.0,,34.0,
2026/02/25,15:10,0.0,-,61479,,4.72,,0.0,,34.0,
2026/02/25,15:20,0.0,-,61479,,4.72,,0.0,,34.0,
2026/02/25,15:30,0.0,-,61479,,4.72,,0.0,,34.0,
2026/02/25,15:40,0.0,-,61479,,4.72,,0.0,,34.0,
2026/02/25,15:50,0.0,-,61504,,4.29,,0.0,,34.0,
2026/02/25,16:00,0.0,-,61504,,4.29,,0.0,,34.0,
2026/02/25,16:10,0.0,-,61504,,4.29,,0.0,,34.0,
2026/02/25,16:20,0.0,-,61504,,4.29,,0.0,,34.0,
2026/02/25,16:30,0.0,-,61504,,4.29,,0.0,,34.0,
2026/02/25,16:40,0.0,-,61504,,4.29,,0.0,,34.0,
2026/02/25,16:50,0.0,-,61529,,6.6,,0.0,,34.0,
2026/02/25,17:00,0.0,-,61529,,6.6,,0.0,,34.0,
2026/02/25,17:10,0.0,-,61529,,6.6,,0.0,,34.0,
2026/02/25,17:20,0.0,-,61529,,6.6,,0.0,,34.0,
2026/02/25,17:30,0.0,-,61554,,10.94,,0.0,,34.0,
2026/02/25,17:40,0.0,-,61554,,10.94,,0.0,,34.0,
2026/02/25,17:50,0.0,-,61554,,10.94,,0.0,,34.0,
2026/02/25,18:00,0.0,-,61554,,10.94,,0.0,,34.0,
2026/02/25,18:10,0.0,-,61554,,10.94,,0.0,,34.0,
2026/02/25,18:20,0.0,-,61554,,10.94,,0.0,,34.0,
2026/02/25,18:30,0.0,-,61554,,10.94,,0.0,,34.0,
2026/02/25,18:40,0.0,-,61579,,5.4,,0.0,,34.0,
2026/02/25,18:50,0.0,-,61579,,5.4,,0.0,,34.0,
2026/02/25,19:00,0.0,-,61579,,5.4,,0.0,,34.0,
2026/02/25,19:10,0.0,-,61579,,5.4,,0.0,,34.0,
2026/02/25,19:20,0.0,-,61604,,11.24,,0.0,,34.0,
2026/02/25,19:30,0.0,-,61604,,11.24,,0.0,,34.0,
2026/02/25,19:40,0.0,-,61604,,11.24,,0.0,,34.0,
2026/02/25,19:50,0.0,-,61604,,11.24,,0.0,,34.0,
2026/02/25,20:00,0.0,-,61604,,11.24,,16.49,,34.0,
2026/02/25,20:10,0.0,-,61604,,11.24,,17.96,,34.0,
2026/02/25,20:20,0.0,-,61604,,11.24,,18.15,,34.0,
2026/02/25,20:30,0.0,-,61604,,11.24,,18.03,,34.0,
2026/02/25,20:40,0.0,-,61604,,11.24,,18.12,,34.0,
2026/02/25,20:50,0.0,-,61579,,11.24,,18.14,,34.0,
2026/02/25,21:00,0.0,-,61579,,11.24,,17.74,,34.0,
2026/02/25,21:10,0.0,-,61579,,11.24,,17.84,,34.0,
2026/02/25,21:20,0.0,-,61579,,11.24,,17.91,,34.0,
2026/02/25,21:30,0.0,-,61579,,11.24,,17.89,,34.0,
2026/02/25,21:40,0.0,-,61554,,7.11,,18.09,,34.0,
2026/02/25,21:50,0.0,-,61554,,7.11,,18.17,,34.0,
2026/02/25,22:00,0.0,-,61554,,7.11,,18.0,,34.0,
2026/02/25,22:10,0.0,-,61554,,7.11,,0.0,,34.0,
2026/02/25,22:20,0.0,-,61554,,7.11,,0.0,,34.0,
2026/02/25,22:30,0.0,-,61554,,7.11,,0.0,,34.0,
2026/02/25,22:40,0.0,-,61554,,7.11,,0.0,,34.0,
2026/02/25,22:50,0.0,-,61554,,7.11,,0.0,,34.0,
2026/02/25,23:00,0.0,-,61554,,7.11,,0.0,,34.0,
2026/02/25,23:10,0.0,-,61554,,7.11,,0.0,,34.0,
2026/02/25,23:20,0.0,-,61554,,7.11,,0.0,,34.0,
2026/02/25,23:30,0.0,-,61554,,7.11,,0.0,,34.0,
2026/02/25,23:40,0.0,-,61554,,7.11,,0.0,,34.0,
2026/02/25,23:50,0.0,-,61554,,7.11,,0.0,,34.0,
2026/02/25,24:00,0.0,-,61554,,7.11,,0.0,,34.0,
2026/02/26,00:10,0.0,-,61554,,7.11,,0.0,,34.0,
2026/02/26,00:20,0.0,-,61579,,7.11,,0.0,,34.0,
2026/02/26,00:30,0.0,-,61579,,7.11,,0.0,,34.0,
2026/02/26,00:40,0.0,-,61579,,7.11,,0.0,,34.0,
2026/02/26,00:50,0.0,-,61579,,7.11,,0.0,,34.0,
2026/02/26,01:00,0.0,-,61604,,6.27,,0.0,,34.0,
2026/02/26,01:10,0.0,-,61604,,6.27,,0.0,,34.0,
2026/02/26,01:20,0.0,-,61604,,6.27,,0.0,,34.0,
2026/02/26,01:30,0.0,-,61604,,6.27,,0.0,,34.0,
2026/02/26,01:40,0.0,-,61604,,6.27,,0.0,,34.0,
2026/02/26,01:50,0.0,-,61604,,6.27,,0.0,,34.0,
2026/02/26,02:00,0.0,-,61629,,6.6,,0.0,,34.0,
2026/02/26,02:10,0.0,-,61629,,6.6,,0.0,,34.0,
2026/02/26,02:20,0.0,-,61629,,6.6,,0.0,,34.0,
2026/02/26,02:30,0.0,-,61629,,6.6,,0.0,,34.0,
2026/02/26,02:40,0.0,-,61629,,6.6,,0.0,,34.0,
2026/02/26,02:50,0.0,-,61629,,6.6,,0.0,,34.0,
2026/02/26,03:00,0.0,-,61629,,6.6,,0.0,,34.0,
2026/02/26,03:10,0.0,-,61629,,6.6,,0.0,,34.0,
2026/02/26,03:20,0.0,-,61654,,5.33,,0.0,,34.0,
2026/02/26,03:30,0.0,-,61654,,5.33,,0.0,,34.0,
2026/02/26,03:40,0.0,-,61654,,5.33,,0.0,,34.0,
2026/02/26,03:50,0.0,-,61654,,5.33,,0.0,,34.0,
2026/02/26,04:00,0.0,-,61654,,5.33,,0.0,,34.0,
2026/02/26,04:10,0.0,-,61654,,5.33,,0.0,,34.0,
2026/02/26,04:20,0.0,-,61679,,6.6,,0.0,,34.0,
2026/02/26,04:30,0.0,-,61679,,6.6,,0.0,,34.0,
2026/02/26,04:40,0.0,-,61679,,6.6,,0.0,,34.0,
2026/02/26,04:50,0.0,-,61679,,6.6,,0.0,,34.0,
2026/02/26,05:00,0.0,-,61679,,6.6,,0.0,,34.0,
2026/02/26,05:10,0.0,-,61679,,6.6,,0.0,,34.0,
2026/02/26,05:20,0.0,-,61679,,6.6,,0.0,,34.0,
2026/02/26,05:30,0.0,-,61679,,6.6,,0.0,,34.0,
2026/02/26,05:40,0.0,-,61704,,5.62,,0.0,,34.0,
2026/02/26,05:50,0.0,-,61704,,5.62,,0.0,,34.0,
2026/02/26,06:00,0.0,-,61704,,5.62,,0.0,,34.0,
2026/02/26,06:10,0.0,-,61704,,5.62,,0.0,,34.0,
2026/02/26,06:20,0.0,-,61704,,5.62,,0.0,,34.0,
2026/02/26,06:30,0.0,-,61704,,5.62,,0.0,,34.0,
2026/02/26,06:40,0.0,-,61704,,5.62,,0.0,,34.0,
2026/02/26,06:50,0.0,-,61704,,5.62,,0.0,,34.0,
2026/02/26,07:00,0.0,-,61729,,5.13,,0.0,,34.0,
2026/02/26,07:10,0.0,-,61729,,5.13,,0.0,,34.0,
2026/02/26,07:20,0.0,-,61729,,5.13,,0.0,,34.0,
2026/02/26,07:30,0.0,-,61729,,5.13,,0.0,,34.0,
2026/02/26,07:40,0.0,-,61729,,5.13,,0.0,,34.0,
2026/02/26,07:50,0.0,-,61729,,5.13,,0.0,,34.0,
2026/02/26,08:00,0.0,-,61729,,5.13,,0.0,,34.0,
2026/02/26,08:10,0.0,-,61754,,5.62,,0.0,,34.0,
2026/02/26,08:20,0.0,-,61754,,5.62,,0.0,,34.0,
2026/02/26,08:30,0.0,-,61754,,5.62,,0.0,,34.0,
2026/02/26,08:40,0.0,-,61754,,5.62,,0.0,,34.0,
2026/02/26,08:50,0.0,-,61754,,5.62,,0.0,,34.0,
2026/02/26,09:00,0.0,-,61754,,5.62,,0.0,,34.0,
2026/02/26,09:10,0.0,-,61754,,5.62,,0.0,,34.0,
2026/02/26,09:20,0.0,-,61754,,5.62,,0.0,,34.0,
2026/02/26,09:30,0.0,-,61779,,5.62,,0.0,,34.0,
2026/02/26,09:40,0.0,-,61779,,5.62,,0.0,,34.0,
2026/02/26,09:50,0.0,-,61779,,5.62,,0.0,,34.0,
2026/02/26,10:00,0.0,-,61779,,5.62,,0.0,,34.0,
2026/02/26,10:10,0.0,-,61779,,5.62,,0.0,,34.0,
2026/02/26,10:20,0.0,-,61779,,5.62,,0.0,,34.0,
2026/02/26,10:30,0.0,-,61779,,5.62,,0.0,,34.0,
2026/02/26,10:40,0.0,-,61779,,5.62,,0.0,,34.0,
2026/02/26,10:50,0.0,-,61779,,5.62,,0.0,,34.0,
2026/02/26,11:00,0.0,-,61779,,5.62,,0.0,,34.0,
2026/02/26,11:10,0.0,-,61804,,3.96,,0.0,,34.0,
2026/02/26,11:20,0.0,-,61804,,3.96,,0.0,,34.0,
2026/02/26,11:30,0.0,-,61804,,3.96,,0.0,,34.0,
2026/02/26,11:40,0.0,-,61804,,3.96,,0.0,,34.0,
2026/02/26,11:50,0.0,-,61804,,3.96,,0.0,,34.0,
2026/02/26,12:00,0.0,-,61804,,3.96,,0.0,,34.0,
2026/02/26,12:10,0.0,-,61804,,3.96,,0.0,,34.0,
2026/02/26,12:20,0.0,-,61804,,3.96,,0.0,,34.0,
2026/02/26,12:30,0.0,-,61829,,5.07,,0.0,,34.0,
2026/02/26,12:40,0.0,-,61829,,5.07,,0.0,,34.0,
2026/02/26,12:50,0.0,-,61829,,5.07,,0.0,,34.0,
2026/02/26,13:00,0.0,-,61829,,5.07,,0.0,,34.0,
2026/02/26,13:10,0.0,-,61829,,5.07,,0.0,,34.0,
2026/02/26,13:20,0.0,-,61829,,5.07,,0.0,,34.0,
2026/02/26,13:30,0.0,-,61829,,5.07,,0.0,,34.0,
2026/02/26,13:40,0.0,-,61829,,5.07,,0.0,,34.0,
2026/02/26,13:50,0.0,-,61829,,5.07,,0.0,,34.0,
2026/02/26,14:00,0.0,-,61829,,5.07,,0.0,,34.0,
2026/02/26,14:10,0.0,-,61853,,4.52,,0.0,,34.0,
2026/02/26,14:20,0.0,-,61853,,4.52,,0.0,,34.0,
2026/02/26,14:30,0.0,-,61853,,4.52,,0.0,,34.0,
2026/02/26,14:40,0.0,-,61853,,4.52,,0.0,,34.0,
2026/02/26,14:50,0.0,-,61853,,4.52,,0.0,,34.0,
2026/02/26,15:00,0.0,-,61853,,4.52,,0.0,,34.0,
2026/02/26,15:10,0.0,-,61853,,4.52,,0.0,,34.0,
2026/02/26,15:20,0.0,-,61853,,4.52,,0.0,,34.0,
2026/02/26,15:30,0.0,-,61853,,4.52,,0.0,,34.0,
2026/02/26,15:40,0.0,-,61878,,4.67,,0.0,,34.0,
2026/02/26,15:50,0.0,-,61878,,4.67,,0.0,,34.0,
2026/02/26,16:00,0.0,-,61878,,4.67,,16.6,,34.0,
2026/02/26,16:10,0.0,-,61878,,4.67,,18.08,,34.0,
2026/02/26,16:20,0.0,-,61878,,4.67,,18.0,,34.0,
2026/02/26,16:30,0.0,-,61878,,4.67,,17.97,,34.0,
2026/02/26,16:40,0.0,-,61878,,4.67,,17.95,,34.0,
2026/02/26,16:50,0.0,-,61853,,4.67,,17.97,,34.0,
2026/02/26,17:00,0.0,-,61853,,4.67,,18.05,,34.0,
2026/02/26,17:10,0.0,-,61853,,4.67,,17.99,,34.0,
2026/02/26,17:20,0.0,-,61829,,5.57,,18.08,,34.0,
2026/02/26,17:30,0.0,-,61829,,5.57,,18.1,,34.0,
2026/02/26,17:40,0.0,-,61804,,0.0,,17.98,,34.0,
2026/02/26,17:50,0.0,-,61804,,0.0,,18.06,,34.0,
2026/02/26,18:00,0.0,-,61804,,0.0,,18.02,,34.0,
2026/02/26,18:10,0.0,-,61779,,1.97,,0.0,,34.0,
2026/02/26,18:20,0.0,-,61779,,1.97,,0.0,,34.0,
2026/02/26,18:30,0.0,-,61779,,1.97,,0.0,,34.0,
2026/02/26,18:40,0.0,-,61779,,1.97,,0.0,,34.0,
2026/02/26,18:50,0.0,-,61779,,1.97,,0.0,,34.0,
2026/02/26,19:00,0.0,-,61779,,1.97,,0.0,,34.0,
2026/02/26,19:10,0.0,-,61779,,1.97,,0.0,,34.0,
2026/02/26,19:20,0.0,-,61779,,1.97,,0.0,,34.0,
2026/02/26,19:30,0.0,-,61779,,1.97,,0.0,,34.0,
2026/02/26,19:40,0.0,-,61779,,1.97,,0.0,,34.0,
2026/02/26,19:50,0.0,-,61779,,1.97,,0.0,,34.0,
2026/02/26,20:00,0.0,-,61779,,1.97,,0.0,,34.0,
2026/02/26,20:10,0.0,-,61804,,1.97,,0.0,,34.0,
2026/02/26,20:20,0.0,-,61804,,1.97,,0.0,,34.0,
2026/02/26,20:30,0.0,-,61804,,1.97,,0.0,,34.0,
2026/02/26,20:40,0.0,-,61804,,1.97,,0.0,,34.0,
2026/02/26,20:50,0.0,-,61804,,1.97,,0.0,,34.0,
2026/02/26,21:00,0.0,-,61804,,1.97,,0.0,,34.0,
2026/02/26,21:10,0.0,-,61804,,1.97,,0.0,,34.0,
2026/02/26,21:20,0.0,-,61804,,1.97,,0.0,,34.0,
2026/02/26,21:30,0.0,-,61829,,4.12,,0.0,,34.0,
2026/02/26,21:40,0.0,-,61829,,4.12,,0.0,,34.0,
2026/02/26,21:50,0.0,-,61829,,4.12,,0.0,,34.0,
2026/02/26,22:00,0.0,-,61829,,4.12,,0.0,,34.0,
2026/02/26,22:10,0.0,-,61829,,4.12,,0.0,,34.0,
2026/02/26,22:20,0.0,-,61829,,4.12,,0.0,,34.0,
2026/02/26,22:30,0.0,-,61829,,4.12,,0.0,,34.0,
2026/02/26,22:40,0.0,-,61829,,4.12,,0.0,,34.0,
2026/02/26,22:50,0.0,-,61829,,4.12,,0.0,,34.0,
2026/02/26,23:00,0.0,-,61829,,4.12,,0.0,,34.0,
2026/02/26,23:10,0.0,-,61829,,4.12,,0.0,,34.0,
2026/02/26,23:20,0.0,-,61829,,4.12,,0.0,,34.0,
2026/02/26,23:30,0.0,-,61829,,4.12,,0.0,,34.0,
2026/02/26,23:40,0.0,-,61829,,4.12,,0.0,,34.0,
2026/02/26,23:50,0.0,-,61829,,4.12,,0.0,,34.0,
2026/02/26,24:00,0.0,-,61853,,2.7,,0.0,,34.0,
2026/02/27,00:10,0.0,-,61853,,2.7,,0.0,,34.0,
2026/02/27,00:20,0.0,-,61853,,2.7,,0.0,,34.0,
2026/02/27,00:30,0.0,-,61853,,2.7,,0.0,,34.0,
2026/02/27,00:40,0.0,-,61853,,2.7,,0.0,,34.0,
2026/02/27,00:50,0.0,-,61853,,2.7,,0.0,,34.0,
2026/02/27,01:00,0.0,-,61853,,2.7,,0.0,,34.0,
2026/02/27,01:10,0.0,-,61853,,2.7,,0.0,,34.0,
2026/02/27,01:20,0.0,-,61853,,2.7,,0.0,,34.0,
2026/02/27,01:30,0.0,-,61853,,2.7,,0.0,,34.0,
2026/02/27,01:40,0.0,-,61853,,2.7,,0.0,,34.0,
2026/02/27,01:50,0.0,-,61853,,2.7,,0.0,,34.0,
2026/02/27,02:00,0.0,-,61878,,3.55,,0.0,,34.0,
2026/02/27,02:10,0.0,-,61878,,3.55,,0.0,,34.0,
2026/02/27,02:20,0.0,-,61878,,3.55,,0.0,,34.0,
2026/02/27,02:30,0.0,-,61878,,3.55,,0.0,,34.0,
2026/02/27,02:40,0.0,-,61878,,3.55,,0.0,,34.0,
2026/02/27,02:50,0.0,-,61878,,3.55,,0.0,,34.0,
2026/02/27,03:00,0.0,-,61878,,3.55,,0.0,,34.0,
2026/02/27,03:10,0.0,-,61878,,3.55,,0.0,,34.0,
2026/02/27,03:20,0.0,-,61903,,5.62,,0.0,,34.0,
2026/02/27,03:30,0.0,-,61903,,5.62,,0.0,,34.0,
2026/02/27,03:40,0.0,-,61903,,5.62,,0.0,,34.0,
2026/02/27,03:50,0.0,-,61903,,5.62,,0.0,,34.0,
2026/02/27,04:00,0.0,-,61903,,5.62,,0.0,,34.0,
2026/02/27,04:10,0.0,-,61903,,5.62,,0.0,,34.0,
2026/02/27,04:20,0.0,-,61903,,5.62,,0.0,,34.0,
2026/02/27,04:30,0.0,-,61903,,5.62,,0.0,,34.0,
2026/02/27,04:40,0.0,-,61903,,5.62,,0.0,,34.0,
2026/02/27,04:50,0.0,-,61903,,5.62,,0.0,,34.0,
2026/02/27,05:00,0.0,-,61903,,5.62,,0.0,,34.0,
2026/02/27,05:10,0.0,-,61903,,5.62,,0.0,,34.0,
2026/02/27,05:20,0.0,-,61903,,5.62,,0.0,,34.0,
2026/02/27,05:30,0.0,-,61903,,5.62,,0.0,,34.0,
2026/02/27,05:40,0.0,-,61903,,5.62,,0.0,,34.0,
2026/02/27,05:50,0.0,-,61928,,2.7,,0.0,,34.0,
2026/02/27,06:00,0.0,-,61928,,2.7,,0.0,,34.0,
2026/02/27,06:10,0.0,-,61928,,2.7,,0.0,,34.0,
2026/02/27,06:20,0.0,-,61928,,2.7,,0.0,,34.0,
2026/02/27,06:30,0.0,-,61928,,2.7,,0.0,,34.0,
2026/02/27,06:40,0.0,-,61928,,2.7,,0.0,,34.0,
2026/02/27,06:50,0.0,-,61928,,2.7,,0.0,,34.0,
2026/02/27,07:00,0.0,-,61928,,2.7,,0.0,,34.0,
2026/02/27,07:10,0.0,-,61928,,2.7,,0.0,,34.0,
2026/02/27,07:20,0.0,-,61928,,2.7,,0.0,,34.0,
2026/02/27,07:30,0.0,-,61953,,4.16,,0.0,,34.0,
2026/02/27,07:40,0.0,-,61953,,4.16,,0.0,,34.0,
2026/02/27,07:50,0.0,-,61953,,4.16,,0.0,,34.0,
2026/02/27,08:00,0.0,-,61953,,4.16,,0.0,,34.0,
2026/02/27,08:10,0.0,-,61953,,4.16,,0.0,,34.0,
2026/02/27,08:20,0.0,-,61953,,4.16,,0.0,,34.0,
2026/02/27,08:30,0.0,-,61953,,4.16,,0.0,,34.0,
2026/02/27,08:40,0.0,-,61953,,4.16,,0.0,,34.0,
2026/02/27,08:50,0.0,-,61953,,4.16,,0.0,,34.0,
2026/02/27,09:00,0.0,-,61953,,4.16,,0.0,,34.0,
2026/02/27,09:10,0.0,-,61953,,4.16,,0.0,,34.0,
2026/02/27,09:20,0.0,-,61953,,4.16,,0.0,,34.0,
2026/02/27,09:30,0.0,-,61953,,4.16,,0.0,,34.0,
2026/02/27,09:40,0.0,-,61953,,4.16,,0.0,,34.0,
2026/02/27,09:50,0.0,-,61953,,4.16,,0.0,,34.0,
2026/02/27,10:00,0.0,-,61953,,4.16,,0.0,,34.0,
2026/02/27,10:10,0.0,-,61953,,4.16,,0.0,,34.0,
2026/02/27,10:20,0.0,-,61953,,4.16,,0.0,,34.0,
2026/02/27,10:30,0.0,-,61953,,4.16,,0.0,,34.0,
2026/02/27,10:40,0.0,-,61953,,4.16,,0.0,,34.0,
2026/02/27,10:50,0.0,-,61953,,4.16,,0.0,,34.0,
2026/02/27,11:00,0.0,-,61953,,4.16,,0.0,,34.0,
2026/02/27,11:10,0.0,-,61953,,4.16,,0.0,,34.0,
2026/02/27,11:20,0.0,-,61978,,1.77,,0.0,,34.0,
2026/02/27,11:30,0.0,-,61978,,1.77,,0.0,,34.0,
2026/02/27,11:40,0.0,-,61978,,1.77,,0.0,,34.0,
2026/02/27,11:50,0.0,-,61978,,1.77,,0.0,,34.0,
2026/02/27,12:00,0.0,-,61978,,1.77,,16.64,,34.0,
2026/02/27,12:10,0.0,-,61978,,1.77,,17.96,,34.0,
2026/02/27,12:20,0.0,-,61978,,1.77,,17.95,,34.0,
2026/02/27,12:30,0.0,-,61978,,1.77,,18.02,,34.0,
2026/02/27,12:40,0.0,-,61953,,1.77,,18.07,,34.0,
2026/02/27,12:50,0.0,-,61953,,1.77,,18.04,,34.0,
2026/02/27,13:00,0.0,-,61928,,2.8,,18.15,,34.0,
2026/02/27,13:10,0.0,-,61928,,2.8,,18.03,,34.0,
2026/02/27,13:20,0.0,-,61928,,2.8,,17.98,,34.0,
2026/02/27,13:30,0.0,-,61903,,2.64,,18.15,,34.0,
2026/02/27,13:40,0.0,-,61903,,2.64,,18.1,,34.0,
2026/02/27,13:50,0.0,-,61903,,2.64,,18.07,,34.0,
2026/02/27,14:00,0.0,-,61878,,2.65,,18.13,,34.0,
2026/02/27,14:10,0.0,-,61878,,2.65,,17.92,,34.0,
2026/02/27,14:20,0.0,-,61853,,2.58,,18.21,,34.0,
2026/02/27,14:30,0.0,-,61853,,2.58,,17.96,,34.0,
2026/02/27,14:40,0.0,-,61829,,0.0,,18.01,,34.0,
2026/02/27,14:50,0.0,-,61829,,0.0,,17.85,,34.0,
2026/02/27,15:00,0.0,-,61829,,0.0,,17.99,,34.0,
2026/02/27,15:10,0.0,-,61804,,4.99,,18.07,,34.0,
2026/02/27,15:20,0.0,-,61804,,4.99,,17.94,,34.0,
2026/02/27,15:30,0.0,-,61804,,4.99,,18.08,,34.0,
2026/02/27,15:40,0.0,-,61779,,0.0,,18.07,,34.0,
2026/02/27,15:50,0.0,-,61779,,0.0,,17.85,,34.0,
2026/02/27,16:00,0.0,-,61754,,0.0,,18.14,,34.0,
2026/02/27,16:10,0.0,-,61754,,0.0,,0.0,,34.0,
2026/02/27,16:20,0.0,-,61754,,0.0,,0.0,,34.0,
2026/02/27,16:30,0.0,-,61754,,0.0,,0.0,,34.0,
2026/02/27,16:40,0.0,-,61754,,0.0,,0.0,,34.0,
2026/02/27,16:50,0.0,-,61754,,0.0,,0.0,,34.0,
2026/02/27,17:00,0.0,-,61754,,0.0,,0.0,,34.0,
2026/02/27,17:10,0.0,-,61754,,0.0,,0.0,,34.0,
2026/02/27,17:20,0.0,-,61754,,0.0,,0.0,,34.0,
2026/02/27,17:30,0.0,-,61754,,0.0,,0.0,,34.0,
2026/02/27,17:40,0.0,-,61754,,0.0,,0.0,,34.0,
2026/02/27,17:50,0.0,-,61754,,0.0,,0.0,,34.0,
2026/02/27,18:00,0.0,-,61754,,0.0,,0.0,,34.0,
2026/02/27,18:10,0.0,-,61754,,0.0,,0.0,,34.0,
2026/02/27,18:20,0.0,-,61754,,0.0,,0.0,,34.0,
2026/02/27,18:30,0.0,-,61754,,0.0,,0.0,,34.0,
2026/02/27,18:40,0.0,-,61754,,0.0,,0.0,,34.0,
2026/02/27,18:50,0.0,-,61754,,0.0,,0.0,,34.0,
2026/02/27,19:00,0.0,-,61754,,0.0,,0.0,,34.0,
2026/02/27,19:10,0.0,-,61779,,0.0,,0.0,,34.0,
2026/02/27,19:20,0.0,-,61779,,0.0,,0.0,,34.0,
2026/02/27,19:30,0.0,-,61779,,0.0,,0.0,,34.0,
2026/02/27,19:40,0.0,-,61779,,0.0,,0.0,,34.0,
2026/02/27,19:50,0.0,-,61779,,0.0,,0.0,,34.0,
2026/02/27,20:00,0.0,-,61779,,0.0,,0.0,,34.0,
2026/02/27,20:10,0.0,-,61779,,0.0,,0.0,,34.0,
2026/02/27,20:20,0.0,-,61779,,0.0,,0.0,,34.0,
2026/02/27,20:30,0.0,-,61779,,0.0,,0.0,,34.0,
2026/02/27,20:40,0.0,-,61779,,0.0,,0.0,,34.0,
2026/02/27,20:50,0.0,-,61779,,0.0,,0.0,,34.0,
2026/02/27,21:00,0.0,-,61779,,0.0,,0.0,,34.0,
2026/02/27,21:10,0.0,-,61779,,0.0,,0.0,,34.0,
2026/02/27,21:20,0.0,-,61779,,0.0,,0.0,,34.0,
2026/02/27,21:30,0.0,-,61779,,0.0,,0.0,,34.0,
2026/02/27,21:40,0.0,-,61779,,0.0,,0.0,,34.0,
2026/02/27,21:50,0.0,-,61779,,0.0,,0.0,,34.0,
2026/02/27,22:00,0.0,-,61779,,0.0,,0.0,,34.0,
2026/02/27,22:10,0.0,-,61804,,2.71,,0.0,,34.0,
2026/02/27,22:20,0.0,-,61804,,2.71,,0.0,,34.0,
2026/02/27,22:30,0.0,-,61804,,2.71,,0.0,,34.0,
2026/02/27,22:40,0.0,-,61804,,2.71,,0.0,,34.0,
2026/02/27,22:50,0.0,-,61804,,2.71,,0.0,,34.0,
2026/02/27,23:00,0.0,-,61804,,2.71,,16.1,,34.0,
2026/02/27,23:10,0.0,-,61804,,2.71,,18.02,,34.0,
2026/02/27,23:20,0.0,-,61804,,2.71,,18.11,,34.0,
2026/02/27,23:30,0.0,-,61779,,2.71,,17.83,,34.0,
2026/02/27,23:40,0.0,-,61779,,2.71,,17.88,,34.0,
2026/02/27,23:50,0.0,-,61754,,1.19,,18.07,,34.0,
2026/02/27,24:00,0.0,-,61754,,1.19,,18.09,,34.0,
2026/02/28,00:10,0.0,-,61754,,1.19,,18.04,,34.0,
2026/02/28,00:20,0.0,-,61729,,2.58,,17.95,,34.0,
2026/02/28,00:30,0.0,-,61729,,2.58,,17.86,,34.0,
2026/02/28,00:40,0.0,-,61729,,2.58,,18.07,,34.0,
2026/02/28,00:50,0.0,-,61704,,2.57,,17.98,,34.0,
2026/02/28,01:00,0.0,-,61704,,2.57,,17.96,,34.0,
2026/02/28,01:10,0.0,-,61704,,2.57,,17.89,,34.0,
2026/02/28,01:20,0.0,-,61679,,2.58,,18.07,,34.0,
2026/02/28,01:30,0.0,-,61679,,2.58,,18.01,,34.0,
2026/02/28,01:40,0.0,-,61654,,3.63,,18.0,,34.0,
2026/02/28,01:50,0.0,-,61654,,3.63,,17.87,,34.0,
2026/02/28,02:00,0.0,-,61629,,0.0,,18.08,,34.0,
2026/02/28,02:10,0.0,-,61629,,0.0,,17.88,,34.0,
2026/02/28,02:20,0.0,-,61629,,0.0,,17.97,,34.0,
2026/02/28,02:30,0.0,-,61604,,2.01,,18.17,,34.0,
2026/02/28,02:40,0.0,-,61604,,2.01,,17.89,,34.0,
2026/02/28,02:50,0.0,-,61579,,2.0,,17.9,,34.0,
2026/02/28,03:00,0.0,-,61579,,2.0,,18.05,,34.0,
2026/02/28,03:10,0.0,-,61579,,2.0,,0.0,,34.0,
2026/02/28,03:20,0.0,-,61579,,2.0,,0.0,,34.0,
2026/02/28,03:30,0.0,-,61579,,2.0,,0.0,,34.0,
2026/02/28,03:40,0.0,-,61579,,2.0,,0.0,,34.0,
2026/02/28,03:50,0.0,-,61579,,2.0,,0.0,,34.0,
2026/02/28,04:00,0.0,-,61579,,2.0,,0.0,,34.0,
2026/02/28,04:10,0.0,-,61579,,2.0,,0.0,,34.0,
2026/02/28,04:20,0.0,-,61579,,2.0,,0.0,,34.0,
2026/02/28,04:30,0.0,-,61579,,2.0,,0.0,,34.0,
2026/02/28,04:40,0.0,-,61579,,2.0,,0.0,,34.0,
2026/02/28,04:50,0.0,-,61579,,2.0,,0.0,,34.0,
2026/02/28,05:00,0.0,-,61579,,2.0,,0.0,,34.0,
2026/02/28,05:10,0.0,-,61579,,2.0,,0.0,,34.0,
2026/02/28,05:20,0.0,-,61579,,2.0,,0.0,,34.0,
2026/02/28,05:30,0.0,-,61579,,2.0,,0.0,,34.0,
2026/02/28,05:40,0.0,-,61579,,2.0,,0.0,,34.0,
2026/02/28,05:50,0.0,-,61579,,2.0,,0.0,,34.0,
2026/02/28,06:00,0.0,-,61579,,2.0,,0.0,,34.0,
2026/02/28,06:10,0.0,-,61579,,2.0,,0.0,,34.0,
2026/02/28,06:20,0.0,-,61579,,2.0,,0.0,,34.0,
2026/02/28,06:30,0.0,-,61579,,2.0,,0.0,,34.0,
2026/02/28,06:40,0.0,-,61579,,2.0,,0.0,,34.0,
2026/02/28,06:50,0.0,-,61579,,2.0,,0.0,,34.0,
2026/02/28,07:00,0.0,-,61579,,2.0,,0.0,,34.0,
2026/02/28,07:10,0.0,-,61579,,2.0,,0.0,,34.0,
2026/02/28,07:20,0.0,-,61579,,2.0,,0.0,,34.0,
2026/02/28,07:30,0.0,-,61579,,2.0,,0.0,,34.0,
2026/02/28,07:40,0.0,-,61579,,2.0,,0.0,,34.0,
2026/02/28,07:50,0.0,-,61579,,2.0,,0.0,,34.0,
2026/02/28,08:00,0.0,-,61579,,2.0,,0.0,,34.0,
2026/02/28,08:10,0.0,-,61604,,2.0,,0.0,,34.0,
2026/02/28,08:20,0.0,-,61604,,2.0,,0.0,,34.0,
2026/02/28,08:30,0.0,-,61604,,2.0,,0.0,,34.0,
2026/02/28,08:40,0.0,-,61604,,2.0,,0.0,,34.0,
2026/02/28,08:50,0.0,-,61604,,2.0,,0.0,,34.0,
2026/02/28,09:00,0.0,-,61604,,2.0,,0.0,,34.0,
2026/02/28,09:10,0.0,-,61604,,2.0,,0.0,,34.0,
2026/02/28,09:20,0.0,-,61604,,2.0,,0.0,,34.0,
2026/02/28,09:30,0.0,-,61604,,2.0,,0.0,,34.0,
2026/02/28,09:40,0.0,-,61604,,2.0,,0.0,,34.0,
2026/02/28,09:50,0.0,-,61604,,2.0,,0.0,,34.0,
2026/02/28,10:00,0.0,-,61604,,2.0,,0.0,,34.0,
2026/02/28,10:10,0.0,-,61604,,2.0,,0.0,,34.0,
2026/02/28,10:20,0.0,-,61604,,2.0,,0.0,,34.0,
2026/02/28,10:30,0.0,-,61604,,2.0,,0.0,,34.0,
2026/02/28,10:40,0.0,-,61604,,2.0,,0.0,,34.0,
2026/02/28,10:50,0.0,-,61604,,2.0,,0.0,,34.0,
2026/02/28,11:00,0.0,-,61604,,2.0,,16.45,,34.0,
2026/02/28,11:10,0.0,-,61604,,2.0,,18.09,,34.0,
2026/02/28,11:20,0.0,-,61604,,2.0,,17.98,,34.0,
2026/02/28,11:30,0.0,-,61604,,2.0,,18.12,,34.0,
2026/02/28,11:40,0.0,-,61604,,2.0,,17.96,,34.0,
2026/02/28,11:50,0.0,-,61579,,2.0,,18.08,,34.0,
2026/02/28,12:00,0.0,-,61579,,2.0,,17.91,,34.0,
2026/02/28,12:10,0.0,-,61579,,2.0,,17.88,,34.0,
2026/02/28,12:20,0.0,-,61554,,2.06,,18.01,,34.0,
2026/02/28,12:30,0.0,-,61554,,2.06,,18.03,,34.0,
2026/02/28,12:40,0.0,-,61529,,0.0,,17.97,,34.0,
2026/02/28,12:50,0.0,-,61529,,0.0,,17.99,,34.0,
2026/02/28,13:00,0.0,-,61504,,2.03,,18.09,,34.0,
2026/02/28,13:10,0.0,-,61504,,2.03,,17.88,,34.0,
2026/02/28,13:20,0.0,-,61504,,2.03,,17.97,,34.0,
2026/02/28,13:30,0.0,-,61479,,2.57,,17.84,,34.0,
2026/02/28,13:40,0.0,-,61479,,2.57,,17.87,,34.0,
2026/02/28,13:50,0.0,-,61479,,2.57,,18.18,,34.0,
2026/02/28,14:00,0.0,-,61454,,3.13,,18.03,,34.0,
2026/02/28,14:10,0.0,-,61429,,0.0,,18.07,,34.0,
2026/02/28,14:20,0.0,-,61429,,0.0,,18.02,,34.0,
2026/02/28,14:30,0.0,-,61429,,0.0,,17.88,,34.0,
2026/02/28,14:40,0.0,-,61404,,2.0,,17.87,,34.0,
2026/02/28,14:50,0.0,-,61404,,2.0,,18.03,,34.0,
2026/02/28,15:00,0.0,-,61379,,2.62,,18.0,,34.0,
2026/02/28,15:10,0.0,-,61379,,2.62,,0.0,,34.0,
2026/02/28,15:20,0.0,-,61379,,2.62,,0.0,,34.0,
2026/02/28,15:30,0.0,-,61379,,2.62,,0.0,,34.0,
2026/02/28,15:40,0.0,-,61379,,2.62,,0.0,,34.0,
2026/02/28,15:50,0.0,-,61379,,2.62,,0.0,,34.0,
2026/02/28,16:00,0.0,-,61379,,2.62,,0.0,,34.0,
2026/02/28,16:10,0.0,-,61379,,2.62,,0.0,,34.0,
2026/02/28,16:20,0.0,-,61379,,2.62,,0.0,,34.0,
2026/02/28,16:30,0.0,-,61379,,2.62,,0.0,,34.0,
2026/02/28,16:40,0.0,-,61379,,2.62,,0.0,,34.0,
2026/02/28,16:50,0.0,-,61379,,2.62,,0.0,,34.0,
2026/02/28,17:00,0.0,-,61379,,2.62,,0.0,,34.0,
2026/02/28,17:10,0.0,-,61379,,2.62,,0.0,,34.0,
2026/02/28,17:20,0.0,-,61379,,2.62,,0.0,,34.0,
2026/02/28,17:30,0.0,-,61379,,2.62,,0.0,,34.0,
2026/02/28,17:40,0.0,-,61379,,2.62,,0.0,,34.0,
2026/02/28,17:50,0.0,-,61379,,2.62,,0.0,,34.0,
2026/02/28,18:00,0.0,-,61379,,2.62,,0.0,,34.0,
2026/02/28,18:10,0.0,-,61379,,2.62,,0.0,,34.0,
2026/02/28,18:20,0.0,-,61379,,2.62,,0.0,,34.0,
2026/02/28,18:30,0.0,-,61379,,2.62,,0.0,,34.0,
2026/02/28,18:40,0.0,-,61379,,2.62,,0.0,,34.0,
2026/02/28,18:50,0.0,-,61379,,2.62,,0.0,,34.0,
